"tx_name","RIL_1","RIL_103","RIL_104","RIL_113","RIL_115","RIL_12","RIL_123","RIL_124","RIL_131","RIL_136","RIL_143","RIL_146","RIL_147","RIL_15","RIL_150","RIL_154","RIL_155","RIL_16","RIL_164","RIL_166","RIL_171","RIL_174","RIL_175","RIL_176","RIL_182","RIL_183","RIL_184","RIL_187","RIL_190","RIL_193","RIL_198","RIL_199","RIL_2","RIL_201","RIL_204","RIL_205","RIL_206","RIL_207","RIL_208","RIL_21","RIL_211","RIL_212","RIL_213","RIL_215","RIL_222","RIL_223","RIL_225","RIL_228","RIL_229","RIL_23","RIL_232","RIL_234","RIL_235","RIL_240","RIL_242","RIL_243","RIL_248","RIL_25","RIL_250","RIL_251","RIL_253","RIL_255","RIL_256","RIL_259","RIL_264","RIL_265","RIL_267","RIL_268","RIL_270","RIL_277","RIL_281","RIL_282","RIL_284","RIL_285","RIL_288","RIL_289","RIL_290","RIL_294","RIL_30","RIL_300","RIL_301","RIL_303","RIL_308","RIL_31","RIL_311","RIL_318","RIL_325","RIL_329","RIL_332","RIL_337","RIL_339","RIL_340","RIL_341","RIL_344","RIL_346","RIL_347","RIL_353","RIL_354","RIL_355","RIL_357","RIL_359","RIL_36","RIL_360","RIL_363","RIL_373","RIL_376","RIL_380","RIL_39","RIL_42","RIL_46","RIL_53","RIL_60","RIL_63","RIL_65","RIL_66","RIL_69","RIL_7","RIL_70","RIL_73","RIL_76","RIL_80","RIL_89","RIL_9","RIL_93"
"Bra026237",0,0,0,1,1,0,1,1,1,1,0,1,1,0,1,1,0,0,0,1,1,1,0,0,0,1,1,0,0,1,0,0,0,0,1,0,0,0,1,0,0,0,0,0,1,1,0,1,0,0,1,0,0,1,0,1,0,0,0,1,0,1,1,1,1,1,1,1,1,1,0,0,0,1,1,0,0,0,1,1,0,0,1,1,1,0,1,1,1,1,1,0,1,1,1,1,1,0,1,0,1,1,1,1,0,1,0,1,1,0,0,1,1,1,1,1,1,1,1,0,1,1,1,0
"Bra040094",0,0,0,1,1,0,1,1,1,1,0,1,1,0,1,1,0,0,0,1,1,1,0,0,0,1,1,0,0,1,0,0,0,0,1,0,0,0,1,0,0,0,0,0,1,1,0,1,0,0,1,0,0,1,0,1,0,0,0,1,0,1,1,1,1,1,1,1,1,1,0,0,0,1,1,0,0,0,1,1,0,0,1,1,1,0,1,1,1,1,1,0,1,1,1,1,1,0,1,0,1,1,1,1,0,1,0,1,1,0,0,1,1,1,1,1,1,1,1,0,1,1,1,0
"Bra021117",0,0,1,1,1,0,1,1,1,1,1,1,1,0,1,1,0,1,0,1,0,1,0,0,1,0,1,0,0,1,0,1,0,0,0,0,0,0,1,0,0,1,0,1,0,1,1,1,1,0,1,1,1,1,0,1,0,0,1,1,0,1,0,1,1,1,1,0,0,1,0,1,1,0,1,0,0,1,1,0,0,1,0,0,1,1,1,1,1,1,0,1,0,1,0,1,1,1,0,0,1,0,1,1,0,0,0,1,1,0,0,0,1,1,1,1,1,1,0,0,0,1,1,1
"Bra011180_Bra011181",0,0,0,1,1,0,1,1,0,0,0,0,0,1,0,0,0,0,0,0,1,1,0,1,1,0,1,1,0,1,1,0,0,1,1,0,0,0,0,0,1,1,1,0,1,1,0,0,0,1,1,0,0,1,1,0,0,1,1,0,1,1,1,1,0,1,1,0,0,1,0,1,1,1,1,1,0,0,1,1,0,0,0,1,1,1,0,1,0,1,0,0,1,1,1,1,0,1,1,0,1,0,0,0,1,1,0,1,0,1,1,1,1,1,1,1,0,1,0,1,0,1,0,0
"Bra013296",0,0,0,1,1,0,1,1,0,0,0,0,0,0,0,1,0,0,0,0,1,1,1,1,0,0,0,0,0,1,1,0,0,1,0,0,0,1,1,0,1,0,1,0,1,0,0,1,0,1,1,0,0,1,1,1,0,1,0,0,0,1,1,1,1,1,1,0,0,1,0,1,1,0,1,1,0,0,1,1,0,0,0,1,1,0,0,1,0,0,0,0,1,1,1,1,0,1,1,0,1,1,0,0,1,1,0,1,0,1,1,1,1,1,1,1,0,1,0,0,0,1,0,0
"Bra013890",0,0,0,1,1,NA,1,1,1,1,0,1,0,0,0,1,0,0,0,0,1,1,0,0,0,1,1,0,0,0,0,0,0,0,0,0,0,0,1,0,0,0,0,1,1,1,0,1,0,0,1,0,0,1,1,1,0,1,0,1,0,1,0,0,1,1,1,0,0,1,0,0,0,1,1,0,0,0,1,1,0,0,1,1,1,1,0,0,0,1,1,0,1,0,1,1,0,0,1,0,1,1,0,0,1,1,0,1,1,0,0,1,1,1,1,1,1,1,0,0,0,1,1,0
"Bra038332",1,0,0,1,0,0,1,0,1,0,1,0,0,0,1,1,0,1,1,0,0,1,1,0,0,0,1,0,0,0,0,0,0,1,1,0,0,1,1,1,1,0,0,0,0,0,1,0,0,0,1,0,1,0,0,1,0,1,1,1,0,1,0,0,0,1,0,0,0,0,0,1,1,0,1,0,0,1,1,1,0,0,0,0,1,0,0,1,0,1,0,1,0,0,0,0,1,0,1,1,1,0,1,0,0,0,1,0,1,1,0,0,0,1,0,1,0,0,1,1,0,0,0,0
"Bra028711",0,1,0,1,0,0,1,0,0,0,1,1,0,0,0,1,0,0,0,1,0,1,1,1,1,0,1,1,1,0,0,1,0,0,1,1,0,1,0,0,1,1,1,0,0,0,1,0,0,0,0,0,1,1,1,0,1,1,0,0,1,1,0,0,0,0,0,1,1,0,1,1,1,NA,0,1,1,0,1,0,0,1,0,1,0,1,1,1,1,0,1,1,0,1,0,0,1,1,0,1,1,0,0,1,1,1,1,1,0,0,0,1,1,0,1,1,1,0,1,0,1,1,0,1
"Bra008113",0,1,0,1,1,0,1,0,1,0,1,0,0,0,1,1,0,1,1,0,0,0,1,0,0,0,1,0,1,0,0,0,0,1,0,0,0,1,0,1,1,0,0,0,0,1,1,0,0,0,1,0,1,0,0,1,0,0,1,1,0,1,0,0,0,1,0,0,0,1,0,1,1,0,1,0,1,1,0,1,0,0,1,0,0,0,0,0,0,1,1,1,0,0,0,0,1,0,1,1,1,0,1,0,0,0,0,0,0,1,0,0,0,1,0,1,0,0,1,1,1,0,0,0
"Bra028599",0,1,0,1,0,0,1,0,0,0,1,1,0,0,0,1,0,0,0,1,0,1,0,1,1,0,1,1,1,1,0,1,1,0,1,0,0,1,0,0,1,1,1,0,0,0,1,0,0,0,1,0,1,1,0,1,1,1,0,0,1,1,0,0,1,0,0,1,1,0,1,1,1,NA,0,1,1,0,1,1,1,0,0,1,0,1,1,1,1,1,1,1,0,1,0,0,0,0,1,1,1,0,1,1,1,1,1,1,0,0,0,1,1,0,1,1,1,0,1,1,1,1,0,0
"Bra023318",0,1,0,1,0,0,1,0,0,1,1,1,1,0,0,1,0,0,0,0,0,1,0,1,1,0,1,1,1,1,0,1,1,0,1,0,0,1,0,0,1,0,1,0,0,0,1,0,0,0,1,0,1,1,0,1,1,1,0,0,1,1,0,0,1,0,0,1,1,0,1,1,1,NA,0,1,1,0,1,1,1,0,0,1,0,1,1,1,1,1,1,1,0,1,0,0,0,0,1,1,1,0,1,0,1,1,1,1,0,1,0,1,1,0,1,1,0,0,1,1,1,0,0,0
"Bra020746",1,1,0,1,1,0,1,0,1,0,0,1,0,0,1,1,0,1,0,0,1,1,1,0,0,0,1,1,1,1,0,1,0,1,0,0,0,1,1,1,1,1,0,0,0,1,0,1,1,0,1,0,1,0,0,1,0,1,0,1,0,1,1,0,0,0,0,0,1,0,0,1,1,0,0,0,1,0,0,1,0,0,1,0,1,0,0,1,0,0,1,0,0,0,0,0,0,0,0,1,1,0,1,0,0,0,0,0,0,1,0,0,0,0,0,1,0,0,1,0,0,0,0,1
"Bra029407",1,1,0,0,1,0,0,1,0,0,0,1,0,1,1,0,0,1,0,0,1,1,1,0,0,0,1,1,1,1,0,1,0,1,0,1,0,0,1,0,1,0,0,0,0,0,0,1,1,0,0,0,1,0,1,1,0,1,0,1,0,1,1,1,1,0,0,0,1,0,0,1,1,1,1,0,1,0,1,1,1,0,1,0,0,1,0,0,0,0,1,1,0,0,0,0,0,0,0,1,1,0,1,0,0,1,0,0,0,0,0,0,0,0,0,1,0,0,0,0,0,0,1,1
"Bra029354",1,1,0,0,1,0,0,1,0,0,0,1,0,1,1,0,0,1,0,0,1,1,1,0,1,0,1,NA,1,1,0,1,0,1,0,1,0,0,1,0,1,0,0,0,0,1,0,1,1,0,0,0,1,0,1,1,0,1,0,1,0,1,1,1,1,0,0,0,1,0,0,1,1,1,1,0,1,0,1,1,1,0,1,0,0,1,0,0,0,0,1,1,0,0,0,0,0,0,0,1,1,0,1,0,0,1,0,0,0,0,0,0,1,0,1,1,0,0,0,0,0,0,1,1
"Bra000283",1,0,0,0,0,1,0,0,1,1,0,0,1,1,1,0,1,1,1,0,0,0,1,0,0,0,1,0,0,1,0,1,0,0,1,0,1,0,1,1,0,1,0,0,1,1,1,1,0,1,0,1,0,1,0,1,0,1,0,0,0,0,1,1,0,0,0,1,1,1,0,1,1,0,0,0,0,1,0,1,0,0,0,1,1,0,1,0,1,1,1,0,1,1,0,0,0,1,0,1,0,0,0,0,0,0,0,0,1,1,1,1,1,1,1,0,1,0,1,1,1,1,0,0
"Bra000276",1,0,0,0,0,1,0,0,1,1,0,0,1,1,1,0,1,1,1,0,0,0,1,0,0,0,1,0,0,1,0,1,0,0,1,0,1,0,1,1,0,1,0,0,1,1,1,1,0,1,0,1,0,1,0,1,0,1,0,0,0,0,1,1,0,0,0,1,1,1,0,1,1,0,0,0,0,1,0,1,0,0,0,1,1,0,1,0,1,1,1,0,1,1,0,0,0,1,0,1,0,0,0,0,0,0,0,0,1,1,1,1,1,1,1,0,1,0,1,1,1,1,0,0
"Bra000420",1,0,0,0,0,1,0,0,1,1,0,0,1,1,1,0,1,1,1,0,0,0,1,0,1,0,1,0,0,1,0,1,0,0,1,0,1,0,1,1,0,1,0,0,1,1,1,1,0,1,0,1,0,1,1,0,0,1,1,0,0,0,1,1,0,0,0,1,1,1,0,1,1,0,0,0,0,1,0,1,0,0,0,1,1,0,1,0,1,1,1,1,1,1,0,0,0,1,0,1,0,0,0,0,0,0,0,1,1,1,1,1,0,1,0,0,1,0,1,1,1,1,0,0
"Bra000884",1,0,0,0,0,1,0,0,1,1,0,0,1,1,1,0,0,1,0,0,0,0,0,0,1,0,1,0,1,1,0,0,0,0,1,0,1,0,1,1,0,1,0,0,1,1,1,1,0,0,1,0,1,1,0,0,1,1,1,0,0,1,1,1,0,0,0,1,1,1,1,1,1,0,0,1,0,1,0,1,1,0,0,1,1,0,1,0,1,1,1,1,1,1,0,0,1,1,0,1,0,0,1,0,0,1,0,1,1,0,1,0,0,0,0,0,1,0,1,1,1,1,1,0
"Bra005969",0,1,1,0,1,1,0,0,0,0,0,0,1,1,1,1,1,1,1,1,1,0,0,0,0,1,0,1,0,0,1,1,0,0,1,1,1,1,1,0,1,0,1,0,0,1,1,0,1,1,0,1,1,0,1,0,1,0,0,1,1,0,1,0,1,0,1,0,0,0,0,0,0,1,1,0,1,1,1,0,0,1,1,1,1,0,0,0,1,1,1,0,1,1,1,0,1,0,1,1,1,1,0,1,0,1,1,1,1,1,1,1,1,0,1,0,1,0,1,1,1,1,1,1
"Bra006051",0,1,1,0,1,1,0,0,0,0,0,0,1,1,1,1,1,1,1,1,1,0,0,0,0,1,0,1,0,0,1,1,0,1,1,1,1,1,1,0,1,0,1,0,0,1,1,0,1,1,0,1,1,0,1,0,1,0,0,0,1,0,1,0,1,0,1,0,0,0,0,0,0,1,1,0,0,1,1,0,0,1,1,0,1,0,0,0,1,1,1,0,1,1,1,0,0,0,1,1,1,1,0,1,0,1,1,1,1,1,1,1,1,0,1,0,1,0,1,1,1,1,1,0
"Bra001598",0,1,0,1,0,1,1,0,0,0,1,0,0,1,1,0,0,1,0,0,0,1,1,0,1,1,1,0,1,1,0,0,0,1,1,0,0,0,1,1,0,1,0,1,1,1,0,1,0,1,0,0,0,1,0,1,0,1,1,1,0,1,1,1,0,1,1,1,1,1,1,1,1,1,0,1,1,1,0,1,1,1,0,1,1,1,1,0,1,1,0,1,1,1,0,0,1,0,0,1,0,1,0,1,1,1,1,0,0,0,1,1,1,1,1,0,1,0,1,0,1,0,1,1
"Bra001671",0,1,0,1,0,1,1,0,0,0,1,0,0,1,1,0,0,1,0,0,0,1,1,0,1,1,1,0,1,1,0,0,0,1,1,0,0,0,1,1,0,1,0,1,1,1,0,1,0,1,0,0,0,1,0,1,0,1,1,1,0,1,1,1,1,1,1,1,1,1,1,1,1,1,0,1,1,1,0,1,1,1,1,1,1,1,1,0,1,1,0,1,1,1,0,0,1,0,0,1,0,1,0,1,1,1,1,0,0,0,1,1,1,1,1,0,1,0,1,0,1,0,1,1
"Bra013161",0,1,0,1,1,1,1,1,1,0,0,0,1,1,1,1,0,1,0,0,1,1,1,1,0,1,1,0,1,1,1,1,0,1,1,0,1,0,1,1,1,1,0,1,1,1,0,1,1,1,0,0,1,1,0,1,1,1,1,1,0,1,0,1,1,1,1,1,1,1,1,1,1,1,0,1,1,1,0,1,1,1,1,1,1,1,1,0,1,1,0,1,1,1,1,0,1,0,1,1,1,1,1,1,1,1,1,0,0,0,1,1,0,1,0,0,1,0,1,0,1,0,0,1
"Bra012972",0,1,0,1,1,1,1,1,1,0,1,0,1,0,1,1,0,1,0,0,1,1,1,1,0,1,1,1,1,1,1,1,0,1,1,0,0,0,1,1,1,0,0,1,1,1,0,1,1,1,0,0,1,1,0,1,1,1,1,1,0,1,0,1,1,1,1,1,1,1,1,1,1,1,0,1,1,1,0,1,1,1,1,1,1,1,1,0,1,1,0,1,1,1,1,0,1,0,1,1,1,1,1,1,1,1,0,0,1,0,1,1,0,1,0,0,1,0,1,0,1,0,0,1
"Bra005755",0,0,1,0,1,1,0,0,0,0,0,0,1,1,1,1,1,1,1,1,1,1,0,0,1,1,0,1,0,0,1,1,0,0,1,1,1,1,0,0,1,0,1,0,0,1,1,0,1,1,0,1,1,0,1,1,1,1,0,0,1,0,1,0,1,0,1,0,0,0,0,0,0,1,1,0,0,1,1,0,0,1,1,1,1,0,1,0,1,1,1,0,1,1,1,0,1,0,1,1,1,1,1,1,1,1,1,1,1,1,1,1,1,1,1,0,1,0,1,1,1,1,1,1
"Bra000156",1,0,0,0,0,1,0,1,1,1,0,0,1,1,1,0,1,1,1,0,1,0,1,0,0,0,1,0,0,1,0,1,0,0,1,0,1,0,1,1,0,NA,0,0,NA,1,1,0,0,1,0,1,0,1,0,1,0,1,0,0,0,0,1,1,0,0,0,0,1,1,0,1,1,0,0,0,0,1,0,1,0,0,0,1,1,0,1,0,1,1,1,0,1,1,0,0,1,1,0,1,0,0,0,0,0,0,0,0,1,1,1,1,1,1,1,0,1,0,1,1,1,1,1,0
"Bra034284",0,0,0,1,0,0,1,1,1,1,0,1,1,1,0,1,0,0,1,0,1,1,0,1,1,1,1,1,1,0,1,1,0,1,0,1,1,0,1,1,1,1,0,0,0,1,1,0,1,1,0,0,1,0,1,0,1,1,1,1,0,0,0,1,0,0,1,0,1,1,1,1,1,1,0,1,0,0,0,1,0,1,0,1,0,0,0,1,0,1,0,1,0,1,0,0,0,1,0,1,1,0,0,1,0,1,0,1,1,1,1,0,0,0,0,0,1,1,1,1,1,0,0,0
"Bra014551",0,1,0,1,1,0,1,0,1,1,0,1,1,0,0,1,1,0,1,1,0,0,0,1,1,1,1,1,1,0,0,1,0,1,0,1,0,1,1,0,0,1,0,1,0,1,1,1,1,1,0,1,1,1,1,1,1,0,1,1,0,0,1,0,0,0,1,0,1,1,1,1,1,0,0,1,1,1,0,0,0,0,1,0,0,0,0,1,0,1,1,1,0,1,0,1,0,1,1,0,0,1,1,1,0,1,0,1,1,1,0,0,0,1,0,1,0,1,1,1,0,1,0,0
"Bra021818",0,0,1,1,0,0,1,1,1,1,1,1,1,1,0,0,0,0,1,0,0,1,1,1,0,0,1,1,1,0,1,1,0,1,0,1,0,0,1,1,1,1,0,1,0,1,0,1,1,1,0,0,1,1,0,1,1,1,0,1,0,0,1,1,0,0,1,0,0,1,1,1,1,1,0,1,0,0,0,1,0,1,0,0,1,0,1,1,0,1,0,1,1,0,1,0,0,1,0,1,0,0,0,0,0,0,0,1,1,1,1,0,0,0,0,0,0,0,1,1,1,0,1,0
"Bra014378",0,1,0,1,1,0,1,1,1,1,0,1,1,0,0,1,1,0,1,1,0,0,0,1,1,1,1,1,1,0,0,1,1,1,0,1,0,1,1,0,0,1,0,0,0,1,1,0,0,0,0,1,1,1,0,1,1,0,1,1,0,1,1,0,0,0,1,0,0,1,1,1,1,0,0,1,1,1,0,1,0,0,1,0,1,0,1,1,0,1,1,0,0,1,1,1,0,1,1,0,0,1,1,1,1,1,0,1,1,0,0,0,0,1,0,1,0,1,1,1,1,1,0,1
"Bra014803",0,1,0,1,1,0,1,0,1,1,0,1,1,0,0,1,1,0,1,0,1,1,0,1,1,1,1,0,1,0,1,1,0,1,0,1,0,0,1,1,1,1,0,0,0,1,1,1,1,1,0,1,1,1,1,1,1,1,1,1,0,1,1,0,0,0,1,0,1,1,1,1,1,1,0,1,1,1,0,1,0,1,1,1,0,0,0,1,0,1,1,1,0,1,1,1,0,1,1,1,1,1,1,1,1,1,0,1,1,1,1,0,0,1,0,1,1,1,1,1,0,0,0,0
"Bra014800",0,1,0,1,1,0,1,0,1,1,0,1,1,0,0,1,1,0,1,0,1,1,0,1,1,1,1,0,1,0,1,1,0,1,0,1,0,0,1,1,1,1,0,0,0,1,1,1,1,1,0,1,1,1,1,1,1,1,1,1,0,1,1,0,0,0,1,0,1,1,1,1,1,1,0,1,1,1,0,1,0,1,1,1,0,0,0,1,0,1,1,1,0,1,1,1,0,1,1,1,1,1,1,1,1,1,0,1,1,1,1,0,0,1,0,1,1,1,1,1,0,0,0,0
"Bra004874",0,1,0,0,0,0,0,1,1,1,1,1,0,1,0,0,1,0,1,1,1,1,0,0,1,1,1,1,1,1,1,0,0,0,1,1,0,1,1,1,0,1,1,1,1,1,1,0,1,0,0,1,1,0,1,1,0,1,0,0,1,1,1,1,0,0,0,1,0,1,1,0,0,1,0,0,1,1,0,1,0,0,1,1,0,0,1,1,0,1,0,1,1,0,1,1,0,1,0,1,1,1,1,1,1,1,1,1,0,0,1,1,1,0,1,0,0,1,1,1,0,0,1,0
"Bra005000",0,1,0,0,0,0,0,1,1,1,1,1,0,1,0,0,1,0,1,1,0,1,0,0,1,0,1,1,1,1,0,1,1,1,1,1,1,1,1,1,0,1,1,1,1,1,1,1,1,0,0,1,1,0,1,1,1,1,0,0,0,1,1,1,0,0,0,1,0,1,1,1,1,1,0,0,1,0,0,1,0,1,1,1,0,0,1,0,0,1,0,1,1,0,1,1,0,0,0,1,0,1,1,1,1,1,1,1,0,0,1,1,1,0,1,0,0,1,0,1,0,0,1,0
"Bra038295",1,1,1,1,1,1,1,0,1,1,1,0,1,0,0,0,1,0,0,0,0,1,1,1,0,1,1,0,0,1,0,1,1,0,0,1,0,0,1,0,1,0,1,0,0,0,1,1,1,0,0,1,1,1,1,1,NA,0,0,0,0,0,1,1,0,0,1,0,1,1,1,1,1,1,1,1,1,0,1,1,1,0,1,1,1,0,1,1,1,0,1,1,0,1,1,0,0,1,1,1,0,1,0,0,1,0,1,1,0,1,1,1,0,1,0,0,0,1,1,1,0,0,1,1
"Bra019542",1,0,1,1,1,1,1,0,1,1,1,0,1,0,0,0,1,0,0,0,0,1,1,1,0,1,1,0,0,1,0,1,1,0,0,1,0,0,1,0,1,0,1,0,0,0,1,1,1,0,0,1,1,1,1,1,NA,0,0,0,0,0,1,1,0,0,1,0,1,1,1,1,1,1,1,1,1,0,1,1,1,0,1,1,1,0,1,1,1,0,1,1,0,1,1,0,0,1,1,1,0,1,0,0,1,0,1,1,0,1,1,1,0,1,0,0,0,1,1,1,0,0,1,1
"Bra009897",1,0,1,1,1,1,1,0,1,1,1,1,1,0,0,1,0,0,1,0,0,1,1,1,0,1,1,0,0,1,0,0,1,0,0,1,0,0,1,0,1,0,1,0,0,0,1,1,1,0,0,1,1,1,0,1,0,0,0,0,0,0,1,1,0,1,1,0,0,1,1,0,0,1,0,1,0,0,1,1,1,1,1,1,1,1,1,1,0,0,0,1,0,0,1,0,0,1,1,0,0,0,0,0,1,0,1,1,0,1,1,0,0,1,0,0,0,1,1,1,0,0,0,1
"Bra009856",1,0,1,1,1,1,1,0,1,1,1,1,1,0,0,1,0,0,1,0,0,1,1,1,0,1,1,0,0,1,0,0,1,0,0,1,0,0,1,0,1,0,1,0,0,0,1,1,1,0,0,1,1,1,0,1,0,0,0,0,0,0,1,1,0,1,1,0,0,1,1,0,0,1,0,1,0,0,1,1,1,1,1,1,1,1,1,1,0,0,0,1,0,0,1,0,0,1,1,0,0,0,0,0,1,0,1,1,0,1,1,0,0,1,0,0,0,1,1,1,0,0,0,1
"Bra024800",1,0,1,1,0,1,1,0,1,1,1,1,1,0,0,0,1,0,0,0,0,1,1,1,0,0,0,1,0,1,0,0,1,0,1,1,0,0,0,0,1,1,1,0,0,1,0,1,1,0,0,0,1,0,1,1,1,0,0,0,1,1,0,0,0,1,1,0,0,1,1,0,0,0,0,1,0,0,1,0,0,1,1,0,1,1,1,0,0,0,0,0,0,0,1,1,0,1,0,0,0,1,0,1,0,1,1,1,0,1,0,0,1,1,1,1,0,1,1,1,0,0,0,0
"Bra024875",0,0,1,1,0,0,1,0,1,1,1,1,1,0,0,0,0,0,0,0,0,1,1,1,0,0,0,1,0,1,0,0,1,1,1,1,0,0,0,0,1,1,1,0,1,1,0,1,1,0,0,0,1,0,1,1,1,0,0,0,1,1,0,0,0,1,1,0,0,1,1,0,0,0,0,0,0,0,1,0,0,1,1,0,1,1,1,0,1,0,0,0,0,1,1,1,0,0,0,0,0,1,0,1,0,1,1,0,0,1,0,0,1,1,1,1,0,1,1,1,0,0,0,0
"Bra033588",1,0,1,1,1,0,0,0,1,1,1,1,1,0,1,0,0,1,0,0,1,1,0,0,0,0,1,1,0,1,0,1,1,0,0,1,0,0,0,1,1,1,1,1,1,1,1,0,1,0,0,0,0,1,1,1,0,0,0,0,1,1,0,0,0,0,1,0,0,1,1,0,0,0,0,0,0,0,1,1,1,0,0,0,1,1,0,1,1,0,0,1,0,1,0,1,0,0,0,1,0,1,0,1,1,1,1,0,0,1,1,0,1,1,1,1,0,0,1,1,0,1,0,0
"Bra019666",1,0,0,1,1,0,1,0,1,0,1,0,0,0,1,1,0,1,0,1,0,0,1,1,0,1,1,0,1,1,0,1,1,0,1,1,1,0,1,1,1,0,1,0,0,1,1,1,0,0,1,1,1,0,0,0,1,0,0,1,1,0,0,1,0,1,1,0,1,1,0,0,0,1,1,1,0,1,1,0,1,1,0,1,1,0,0,0,0,0,1,1,0,0,1,1,0,1,1,0,0,1,0,0,1,0,1,1,0,1,1,1,0,1,0,0,0,1,1,1,0,0,1,0
"Bra025910",1,0,0,1,1,0,1,0,1,0,1,0,1,0,0,1,NA,0,0,0,0,0,1,1,0,1,1,0,0,1,0,1,1,0,0,1,1,1,0,1,1,0,1,0,0,0,1,1,1,0,0,0,1,0,1,1,1,0,0,1,1,0,0,1,0,1,1,0,1,1,1,0,0,1,1,1,0,1,1,0,1,0,1,0,1,0,0,1,1,0,1,1,0,1,1,0,0,1,1,0,0,1,0,0,1,0,1,1,0,1,0,1,0,1,0,0,0,1,1,1,0,0,1,0
"Bra025713",1,0,0,1,1,0,1,0,1,0,1,0,1,0,0,1,NA,0,0,0,0,0,1,1,0,1,1,0,0,1,0,1,1,0,0,1,1,1,0,1,1,0,1,0,0,0,1,1,1,0,0,0,1,0,1,1,1,0,0,1,1,0,0,1,0,1,1,0,1,1,1,0,0,1,1,1,0,1,1,0,1,0,1,0,1,0,0,1,1,0,1,1,0,1,1,0,0,1,1,1,0,1,1,0,1,0,1,1,0,1,0,1,0,1,0,0,0,1,1,1,0,0,1,0
"Bra028532",1,1,1,1,1,1,1,1,0,0,0,0,1,0,1,0,1,1,0,0,1,1,1,1,0,0,1,0,1,1,1,1,0,0,1,0,1,0,1,0,0,1,1,1,1,1,1,1,0,1,1,1,0,1,0,0,0,1,1,1,0,0,1,0,1,0,1,1,0,0,0,1,1,0,1,1,1,1,0,0,0,0,0,1,0,0,0,0,0,1,1,0,0,0,0,1,1,1,1,1,1,0,1,0,0,0,1,1,0,0,1,0,1,0,1,1,0,1,1,1,0,1,0,0
"Bra003483",0,1,0,1,1,1,1,1,0,0,0,0,1,1,1,0,1,1,0,0,1,1,1,1,1,0,1,0,1,1,1,1,0,1,1,0,1,1,1,0,1,1,1,1,1,1,1,1,0,1,1,1,0,1,0,1,0,1,1,1,1,1,1,0,1,0,1,1,0,1,0,1,1,0,1,1,1,0,0,0,0,0,0,0,0,1,0,0,1,1,1,0,0,0,0,1,1,1,1,1,1,0,1,0,0,0,0,1,0,0,1,0,0,0,0,1,0,1,1,1,0,1,0,1
"Bra003518",0,1,0,1,1,1,1,1,0,1,0,0,1,1,1,0,1,1,0,0,1,1,1,1,1,0,1,1,1,1,1,1,0,1,1,0,1,1,1,0,1,1,1,1,1,1,1,1,0,1,1,1,0,1,0,1,0,1,1,0,1,1,1,0,1,0,1,1,0,1,0,1,1,0,1,1,1,0,0,0,0,0,0,0,0,1,0,0,1,1,1,0,0,0,0,1,1,1,1,1,1,0,1,0,0,0,0,1,0,0,1,0,0,0,0,1,0,1,1,1,0,1,0,1
"Bra003748",0,1,0,1,0,1,1,1,0,1,0,0,1,1,1,1,1,1,0,1,1,1,1,1,1,0,1,1,0,1,1,1,1,1,0,0,1,1,1,0,0,1,1,1,1,1,1,1,0,1,1,1,0,1,0,1,0,1,0,1,1,1,1,0,1,0,1,1,0,1,0,1,1,1,0,1,1,1,0,0,0,1,0,0,0,1,0,0,1,1,1,0,0,0,0,1,1,1,0,1,1,1,1,0,1,1,0,1,0,1,1,0,0,0,0,1,0,1,1,1,0,1,0,1
"Bra003778",0,1,0,1,0,1,1,1,0,1,0,0,1,1,0,1,1,0,0,1,1,1,1,1,1,0,1,1,0,1,1,1,1,1,0,0,1,1,1,0,0,1,1,1,1,1,1,1,0,1,1,1,0,1,0,1,0,1,0,1,1,1,1,0,1,0,1,1,0,1,0,1,1,1,0,0,1,1,0,0,0,1,0,0,0,1,0,0,1,1,1,0,0,0,0,1,1,1,0,1,1,1,1,0,1,1,0,1,0,1,1,0,0,0,0,1,0,1,1,1,1,1,0,1
"Bra003947",0,1,0,1,0,1,1,1,1,1,0,0,1,1,0,1,1,0,0,1,1,1,1,1,1,0,1,1,0,1,1,1,1,1,0,0,1,1,1,0,0,1,1,1,0,1,1,1,0,1,1,1,0,1,0,1,0,1,0,1,1,0,1,0,1,0,1,1,1,1,0,1,1,1,0,0,1,1,0,0,0,1,0,0,0,1,0,0,1,1,0,0,0,0,0,1,1,1,0,1,1,1,1,0,1,1,0,1,0,1,1,0,0,0,0,1,0,1,1,1,1,1,0,1
"Bra003938",0,1,0,1,0,1,1,1,1,1,0,0,1,1,0,1,1,0,0,1,1,1,1,1,1,0,1,1,0,1,1,1,1,1,0,0,1,1,1,0,0,1,1,1,0,1,1,1,0,1,1,1,0,1,0,1,0,1,0,1,1,0,1,0,1,0,1,1,1,1,0,1,1,1,0,0,1,1,0,0,0,1,0,0,0,1,0,0,1,1,0,0,0,0,0,1,1,1,0,1,1,1,1,0,1,1,0,1,0,1,1,0,0,0,0,1,0,1,1,1,1,1,0,1
"Bra016173",0,1,0,1,0,1,1,1,1,1,0,0,1,1,0,0,1,0,0,1,1,0,1,1,1,0,1,1,0,1,1,0,1,1,0,0,1,0,1,1,0,1,1,1,0,1,1,1,0,0,0,1,0,1,0,1,0,1,1,1,1,0,1,0,1,0,1,0,1,1,0,1,1,1,1,0,1,1,0,0,0,1,0,0,1,1,0,0,1,0,0,0,0,1,0,0,1,1,0,1,1,0,1,0,1,1,0,0,1,1,1,0,0,0,0,0,1,1,0,1,1,1,0,0
"Bra015960",0,1,0,1,0,1,1,0,1,0,1,1,0,1,0,0,1,0,0,1,1,0,0,1,1,0,1,1,0,1,0,0,1,1,0,0,0,0,1,1,1,1,1,1,0,1,1,1,0,1,0,1,0,1,0,1,0,1,1,1,1,0,1,0,1,0,1,0,1,1,0,1,1,1,0,0,1,1,0,1,0,1,0,0,1,1,1,0,1,0,0,0,0,1,0,0,1,1,1,1,1,0,1,0,1,0,0,0,1,1,1,0,0,1,0,0,1,1,0,1,1,1,0,1
"Bra014975",0,0,0,1,0,0,1,0,1,0,1,0,1,1,0,0,1,0,1,0,0,1,1,1,0,0,1,0,0,1,1,1,1,0,1,0,1,1,1,0,0,1,1,1,1,1,0,1,0,0,1,1,1,1,1,0,0,0,1,0,0,0,0,0,1,0,1,1,0,0,1,1,1,1,0,1,0,1,0,0,0,1,1,0,0,1,0,0,0,1,0,0,1,0,0,1,0,1,1,1,0,0,0,0,0,0,0,1,0,0,1,1,1,1,1,1,0,1,1,1,0,1,1,0
"Bra011001",1,1,0,0,1,0,1,1,0,1,0,0,0,1,1,1,1,1,0,1,0,0,0,0,1,1,0,1,0,0,0,0,0,1,0,1,0,1,1,1,0,0,1,0,1,1,1,1,1,1,1,1,1,1,1,1,1,1,1,0,1,1,0,1,1,0,0,1,0,1,1,1,1,0,1,1,1,1,1,0,1,1,1,0,1,0,0,0,1,0,1,0,1,1,1,1,0,1,0,0,1,1,1,0,0,0,0,1,0,0,1,1,0,0,0,1,0,1,0,1,1,1,0,0
"Bra016604",1,1,0,0,1,0,0,0,1,1,0,1,0,1,1,1,0,1,0,0,0,1,0,0,0,1,0,1,0,0,0,1,0,1,0,0,0,1,0,1,0,1,1,0,1,0,1,1,1,1,1,1,1,0,1,0,0,1,1,0,1,0,1,0,0,1,0,1,0,1,1,1,1,0,1,1,1,1,1,1,1,1,1,1,1,1,0,0,1,0,1,0,1,0,1,1,0,0,0,0,1,0,1,0,1,0,1,1,0,0,0,1,0,0,0,1,0,1,0,1,1,1,1,0
"Bra030568",1,1,0,1,1,0,1,0,1,1,1,1,0,0,1,0,0,1,1,0,1,1,0,1,0,1,0,1,0,0,0,1,0,0,1,0,1,0,0,1,0,1,0,0,0,0,0,0,1,1,1,1,1,1,1,0,1,1,1,1,1,0,1,1,0,0,0,0,0,1,1,0,0,1,1,1,1,1,0,0,1,1,1,1,1,1,1,0,0,0,0,1,0,1,1,1,1,0,0,0,1,0,1,0,1,1,1,1,1,0,1,1,0,1,0,1,1,0,0,1,1,1,0,0
"Bra013958",0,0,0,1,0,0,1,0,1,0,0,0,0,0,0,0,0,0,1,0,1,0,0,0,0,0,1,1,0,0,1,0,0,1,1,0,1,1,0,0,0,1,0,1,1,0,0,1,0,1,0,0,1,1,0,0,1,0,1,0,0,0,1,1,1,1,1,1,1,0,1,0,0,0,0,0,0,1,1,0,1,1,0,0,0,0,1,0,1,0,1,0,1,0,0,1,1,1,0,0,0,1,0,0,0,0,0,0,0,0,1,0,1,0,1,0,1,1,1,1,0,1,1,1
"Bra017567",0,1,1,0,0,0,0,1,1,1,0,0,0,1,1,1,0,1,1,1,1,1,1,0,0,1,1,1,1,1,0,1,1,1,1,0,1,1,0,0,0,1,1,1,0,1,0,1,1,1,1,1,1,1,1,0,1,1,1,1,1,1,1,1,1,0,0,1,1,1,0,0,0,1,1,0,1,1,1,0,0,1,1,0,1,0,0,1,1,0,0,0,1,1,0,1,0,1,0,1,1,1,0,0,1,0,1,1,1,1,0,1,1,0,1,0,1,1,1,0,1,1,1,1
"Bra017443",0,1,1,0,0,0,0,1,1,1,0,0,0,1,1,1,0,1,1,1,1,1,1,0,0,1,1,1,1,1,0,1,1,1,1,0,1,1,0,0,0,1,1,1,0,1,0,0,1,1,1,1,1,1,1,0,1,1,1,1,1,1,1,1,1,0,0,1,1,1,0,0,0,1,1,0,1,1,1,0,0,1,1,0,1,0,0,1,1,0,0,0,1,1,0,1,0,1,0,1,1,1,0,0,1,0,1,1,1,1,0,1,1,0,1,0,1,1,1,0,1,1,1,1
"Bra017406",0,1,1,0,0,0,0,1,1,1,0,1,0,1,1,1,0,1,1,1,1,1,1,0,0,1,1,1,1,1,0,1,1,1,1,1,1,1,0,0,0,1,1,1,0,1,0,0,1,1,1,1,1,1,1,0,1,1,1,1,1,1,1,1,1,0,0,1,1,1,0,0,0,1,1,0,1,1,1,0,0,1,1,0,1,0,0,1,1,0,0,0,1,1,0,1,0,1,0,1,1,1,0,0,1,0,1,1,1,1,0,1,1,0,1,0,1,1,1,0,1,1,1,1
"Bra037880",1,1,1,0,0,0,0,1,1,1,0,1,0,1,1,0,0,1,1,1,1,1,0,0,0,1,1,1,1,1,0,1,1,1,0,1,1,1,0,0,0,0,1,1,0,1,0,1,1,1,1,1,1,1,1,0,1,1,1,1,1,1,1,0,1,0,0,1,1,1,0,1,1,1,1,0,1,1,1,0,0,1,1,0,1,0,1,1,1,0,0,0,1,1,0,1,0,1,0,1,1,1,0,0,1,0,1,1,1,1,0,1,1,0,1,0,1,1,1,0,1,1,1,1
"Bra035252",1,1,1,0,0,0,0,1,1,1,0,1,0,1,1,0,0,1,1,1,1,1,0,0,0,1,1,1,1,1,0,1,1,1,0,1,1,1,0,0,0,0,1,1,0,1,0,1,1,1,1,1,1,1,1,0,1,1,1,1,1,1,1,0,1,0,0,1,1,1,0,0,0,1,1,0,1,1,1,0,0,1,1,0,1,0,1,1,1,0,0,0,1,1,0,1,0,1,0,1,1,1,0,0,1,0,1,1,1,1,0,1,1,0,1,0,1,1,1,0,1,1,1,1
"Bra024737",1,1,1,0,0,0,0,1,1,1,0,1,0,1,1,0,0,1,1,1,0,1,1,0,0,0,1,1,1,1,0,1,1,1,0,1,1,1,0,1,0,0,1,1,0,1,0,0,1,1,1,1,1,1,1,0,1,1,1,1,1,1,1,0,1,1,0,1,1,1,1,1,1,1,1,0,1,1,1,0,0,1,1,1,1,0,0,1,1,1,0,0,1,1,0,0,0,1,0,1,1,1,0,1,1,0,1,0,1,1,0,1,1,0,1,0,1,1,1,0,1,1,1,1
"Bra024536",1,1,1,0,0,0,0,0,1,1,0,1,0,1,1,0,0,1,1,1,0,1,1,0,0,0,1,1,1,1,0,1,1,1,0,1,1,1,0,1,0,0,1,1,0,1,0,0,0,1,1,1,1,0,1,0,1,1,1,0,1,1,1,0,1,1,0,1,1,1,1,1,1,1,1,0,1,1,1,0,0,1,1,1,1,0,0,1,0,1,0,1,1,0,0,0,0,1,0,1,1,1,0,1,0,0,1,0,1,0,0,1,0,1,0,0,1,1,1,0,0,1,0,1
"Bra006946",1,1,1,0,0,0,0,0,1,1,0,1,0,1,1,0,0,1,1,1,0,0,1,0,0,0,1,1,1,1,0,1,0,1,0,1,1,1,0,1,0,0,0,1,0,1,0,0,0,1,1,1,1,0,1,0,1,1,1,0,1,1,1,0,1,1,0,1,1,1,1,1,1,1,1,0,1,1,1,0,0,1,0,1,1,0,0,1,0,1,0,1,1,0,0,0,0,1,0,0,1,1,1,1,1,1,1,0,1,0,1,1,0,1,0,0,0,1,0,0,0,1,0,1
"Bra007082",1,1,1,0,0,0,0,0,1,1,0,1,0,1,1,0,0,1,1,1,0,0,1,0,0,0,1,1,1,1,0,1,0,1,0,1,1,1,0,1,0,1,0,1,0,1,0,0,0,1,1,1,1,0,1,0,1,1,1,0,1,0,1,0,1,1,0,1,1,1,1,1,1,1,1,0,1,0,1,0,0,1,0,1,1,1,0,1,0,1,0,1,1,0,0,0,0,0,0,0,1,1,1,1,1,1,1,0,1,0,1,1,0,1,0,0,0,1,0,0,0,1,0,1
"Bra007422",0,1,1,0,0,0,0,0,1,1,0,0,0,1,1,0,0,1,1,0,0,1,1,0,0,0,1,1,1,1,0,1,0,0,0,1,0,1,0,0,0,1,0,1,0,1,0,0,0,1,1,1,0,0,1,0,0,1,1,0,1,0,1,0,1,1,1,1,1,1,1,NA,0,1,1,1,1,1,0,0,0,1,1,1,1,1,0,1,0,1,0,1,1,0,1,0,0,0,0,0,1,1,1,1,1,1,1,1,1,1,1,1,1,1,1,0,0,0,0,0,0,0,0,1
"Bra007430",0,1,1,0,0,0,0,0,1,1,0,0,0,1,1,0,0,1,1,0,0,1,1,0,0,0,1,1,1,1,0,1,0,0,0,1,0,1,0,0,0,1,0,1,0,1,0,0,0,1,1,1,0,0,1,0,0,1,1,0,1,0,1,0,1,1,1,1,1,1,1,NA,0,1,1,1,1,1,0,0,0,1,1,1,1,1,0,1,0,1,0,1,1,0,1,0,0,0,0,0,1,1,1,1,1,1,1,1,1,1,1,1,1,1,1,0,0,0,0,0,0,0,0,1
"Bra007530",0,0,1,0,0,0,0,0,1,1,0,0,0,1,1,0,0,1,1,0,0,0,1,0,0,0,0,1,1,1,0,1,1,0,0,1,0,1,0,0,0,1,0,1,0,1,0,0,0,1,1,1,0,1,1,0,0,1,1,0,1,1,1,0,1,1,1,1,1,1,1,NA,0,1,1,1,0,1,0,0,0,1,1,1,1,1,0,1,0,1,0,1,1,0,1,0,0,0,0,0,1,1,1,1,1,1,1,1,1,1,1,1,1,1,1,0,0,0,0,0,0,0,0,1
"Bra007720",0,0,1,0,0,1,0,0,1,1,0,0,0,1,1,0,0,1,1,0,0,0,1,0,0,0,0,1,1,1,0,1,1,0,0,1,1,1,0,0,0,1,0,1,0,1,0,1,0,1,1,1,0,1,1,0,0,0,1,0,1,1,1,0,1,1,1,1,1,1,1,1,0,1,1,0,0,1,0,0,0,1,1,1,1,1,0,1,0,1,0,0,1,0,0,0,0,0,1,0,0,1,0,1,1,1,0,1,1,0,1,1,1,0,1,1,0,0,0,0,0,0,0,1
"Bra007775",0,0,1,0,0,1,0,0,0,1,0,0,0,1,1,0,0,1,1,0,0,0,0,0,0,0,0,0,1,1,0,1,1,0,0,1,1,1,0,0,0,1,0,1,0,1,0,1,0,1,1,1,0,1,1,0,0,0,1,0,1,1,1,0,1,1,1,1,1,1,1,0,0,1,1,0,0,1,0,0,0,1,1,1,1,1,0,1,0,1,0,0,1,0,0,0,1,0,1,0,0,1,0,1,1,1,0,1,1,0,1,1,1,0,1,1,0,0,0,0,0,0,0,1
"Bra007774",0,0,1,0,0,1,0,0,0,1,0,0,0,1,1,0,0,1,1,0,0,0,0,0,0,0,0,0,1,1,0,1,1,0,0,1,1,1,0,0,0,1,0,1,0,1,0,1,0,1,1,1,0,1,1,0,0,0,1,0,1,1,1,0,1,1,1,1,1,1,1,0,0,1,1,0,0,1,0,0,0,1,1,1,1,1,0,1,0,1,0,0,1,0,0,0,1,0,1,0,0,1,0,1,1,1,0,1,1,0,1,1,1,0,1,1,0,0,0,0,0,0,0,1
"Bra031180",0,0,NA,0,0,1,0,0,0,1,0,0,0,1,1,0,1,1,0,0,0,0,0,1,1,0,0,1,1,1,0,1,1,0,0,0,1,1,0,0,0,0,0,1,0,1,0,1,0,1,1,1,0,1,1,0,0,0,0,0,0,1,1,0,1,1,1,1,1,1,1,1,1,1,1,0,0,1,0,1,0,1,1,1,1,1,0,1,0,0,0,0,1,0,1,0,1,0,1,0,0,1,0,1,1,1,0,1,1,0,1,1,1,0,1,1,0,1,0,0,0,0,0,1
"Bra031065",0,0,NA,0,1,1,0,0,0,1,0,0,1,1,1,0,1,1,0,1,0,0,0,1,1,0,1,1,1,1,1,1,1,0,0,0,0,1,0,0,0,0,0,1,0,1,0,1,0,1,1,1,0,1,1,0,0,0,0,0,0,1,1,0,1,1,1,1,1,1,1,1,1,1,1,0,0,1,0,1,0,1,1,1,0,1,0,1,0,1,0,0,1,0,1,1,1,0,1,0,0,1,0,1,1,1,0,1,1,0,1,1,1,0,1,0,0,1,0,0,0,0,0,1
"Bra032441",0,0,1,0,1,1,1,0,0,0,0,0,1,1,1,0,0,1,1,1,1,0,0,1,1,0,1,0,1,1,1,1,0,0,0,0,0,1,0,0,0,0,1,0,0,1,1,1,0,1,1,1,0,0,1,0,0,0,0,0,0,1,1,0,0,1,1,1,1,1,1,0,0,1,0,0,0,0,1,1,0,1,1,0,0,1,0,1,0,0,0,0,0,1,0,1,1,0,1,0,0,1,0,1,1,1,0,0,0,0,1,1,1,0,1,0,0,0,0,0,1,0,1,1
"Bra032499",0,0,1,0,1,1,1,0,0,0,1,0,1,1,1,0,0,1,1,1,1,0,0,1,1,0,1,0,1,1,1,1,0,0,0,0,0,1,0,0,0,0,1,0,0,1,1,1,0,1,1,1,0,0,1,0,0,0,0,0,0,1,1,0,0,1,1,1,1,1,1,0,0,1,0,0,0,0,1,1,0,1,1,0,0,1,0,1,0,0,0,0,0,1,0,1,1,0,1,0,0,1,0,1,1,1,0,0,0,0,1,1,1,0,1,0,0,0,0,0,1,0,1,1
"Bra037226",0,1,1,1,0,0,1,1,0,1,1,0,1,0,1,1,0,1,0,1,0,0,1,0,0,1,1,1,1,1,0,0,1,1,1,1,1,1,0,0,0,0,1,0,1,0,0,0,1,1,1,1,1,0,1,0,1,0,1,1,0,1,1,0,0,0,0,0,1,1,0,1,1,0,1,1,1,1,1,0,0,0,1,0,0,0,1,0,1,0,0,0,1,1,0,1,0,0,0,0,1,1,0,1,1,0,0,0,1,1,0,1,1,0,1,0,1,1,1,1,1,1,1,1
"Bra008613",0,0,0,1,0,0,1,0,1,0,0,0,0,0,0,0,0,0,1,0,1,0,0,0,0,0,1,1,0,0,1,0,0,1,1,0,1,1,0,0,0,1,0,1,1,0,0,0,0,1,0,0,1,1,0,0,0,0,1,0,0,0,1,1,1,1,1,1,1,0,1,0,0,0,0,0,0,1,1,0,1,1,0,0,0,0,1,0,1,0,1,0,1,0,0,1,1,1,0,0,0,1,0,0,0,0,0,0,0,0,0,0,1,0,1,0,1,1,1,0,0,1,1,1
"Bra008614",0,0,0,1,0,0,1,0,1,0,0,0,0,0,0,0,0,0,1,0,1,0,0,0,0,0,1,1,0,0,1,0,0,1,1,0,1,1,0,0,0,1,0,1,1,0,0,0,0,1,0,0,1,1,0,0,0,0,1,0,0,0,1,1,1,1,1,1,1,0,1,0,0,0,0,0,0,1,1,0,1,1,0,0,0,0,1,0,1,0,1,0,1,0,0,1,1,1,0,0,0,1,0,0,0,0,0,0,0,0,0,0,1,0,1,0,1,1,1,0,0,1,1,1
"Bra008669",0,0,0,1,0,0,1,0,1,0,0,0,0,0,0,0,0,0,1,0,1,0,0,0,0,0,1,1,0,0,0,0,0,1,1,0,1,1,0,0,0,1,0,1,1,0,0,0,0,1,0,0,1,1,0,0,0,0,1,0,0,1,0,1,1,1,1,1,1,0,0,0,0,0,0,0,1,1,1,0,1,1,0,0,0,0,0,0,1,0,1,0,1,0,0,1,1,1,0,0,0,1,0,0,0,1,0,0,0,0,0,0,1,0,1,0,1,1,1,0,0,1,1,1
"Bra009055",0,0,0,1,0,0,1,1,1,0,1,0,0,0,0,1,0,0,1,0,0,0,0,0,1,0,1,1,0,1,0,0,0,0,1,0,1,1,0,1,0,0,0,1,1,0,1,0,0,1,0,0,0,0,0,1,0,1,0,0,0,1,1,0,1,1,1,1,1,0,0,0,0,0,0,1,0,1,1,0,1,1,0,0,0,0,0,0,1,0,1,0,1,0,0,0,1,0,0,1,1,0,0,1,0,1,0,0,0,0,0,0,1,0,1,0,1,1,0,0,0,0,1,1
"Bra009322",0,0,1,1,0,0,1,0,1,1,0,0,0,0,0,1,0,0,1,0,0,0,0,0,1,0,1,1,0,1,0,0,0,0,1,0,1,1,0,1,0,1,0,1,1,0,1,0,0,1,0,0,0,0,0,1,0,1,0,0,0,1,1,0,1,1,1,1,1,0,0,0,0,0,0,1,0,0,0,0,1,1,0,0,0,0,0,0,1,0,1,1,0,1,0,0,1,1,0,1,1,0,0,1,0,1,0,0,0,0,0,0,1,0,1,0,1,1,0,0,0,0,1,1
"Bra009569",1,1,1,1,1,0,1,1,0,1,1,0,0,0,0,1,0,0,0,1,1,0,1,1,1,0,1,1,1,1,0,0,0,0,0,0,1,0,0,1,0,1,1,1,1,1,1,0,0,1,0,0,0,0,0,1,1,0,0,0,1,1,1,0,1,1,1,1,0,1,1,1,1,1,0,1,1,0,0,0,1,1,0,0,1,0,0,0,1,0,1,0,0,1,1,0,1,1,0,1,1,1,0,1,0,1,0,0,1,0,1,0,1,0,1,0,0,1,0,0,0,0,0,1
"Bra009562",1,1,1,1,1,0,1,1,0,1,1,0,0,0,0,1,0,0,0,1,1,0,1,1,1,0,1,1,1,1,0,0,0,0,0,0,1,0,0,1,0,1,1,1,1,1,1,0,0,1,0,0,0,0,0,1,1,0,0,0,1,1,1,0,1,1,1,1,0,1,1,1,1,1,0,1,1,0,0,0,1,1,0,0,1,0,0,0,1,0,1,0,0,1,1,0,1,1,0,1,1,1,0,1,0,1,0,0,1,0,1,0,1,0,1,0,0,1,0,0,0,0,0,1
"Bra015313",0,0,0,1,0,0,1,1,1,0,1,1,1,1,0,0,0,0,1,1,0,1,0,0,0,1,0,0,1,0,1,0,0,0,1,0,1,1,0,0,0,0,0,1,1,0,1,1,0,1,1,0,1,0,1,0,1,0,0,1,1,0,1,1,0,1,0,1,1,0,1,1,1,0,0,0,0,1,0,0,1,0,0,1,1,1,1,0,0,0,0,1,1,0,1,0,0,0,0,0,1,1,0,0,1,0,1,1,0,1,0,0,0,1,0,0,0,1,1,1,0,1,0,1
"Bra015293",0,0,0,1,0,0,1,1,1,0,1,1,1,1,0,0,0,0,1,1,0,1,0,0,0,1,0,0,1,0,1,0,0,0,1,0,1,1,0,0,0,0,0,1,1,0,1,1,0,1,1,0,1,0,1,0,1,0,0,1,1,0,1,1,0,1,0,1,1,0,0,1,1,0,0,0,0,1,0,0,1,0,0,1,1,1,1,0,0,0,0,1,1,0,1,0,0,0,0,0,1,1,0,0,1,0,1,1,0,1,0,0,0,1,0,0,0,1,1,1,0,1,0,1
"Bra028277",0,1,0,1,0,0,1,1,1,0,1,1,1,1,0,0,0,0,1,1,0,0,0,0,0,0,0,0,1,0,1,0,0,0,0,0,1,1,0,0,0,0,0,1,1,0,1,1,0,1,0,0,1,0,1,0,0,0,0,1,0,0,1,1,1,1,0,1,1,0,1,0,0,0,0,0,0,1,1,0,0,0,0,0,1,1,1,0,0,1,1,1,1,0,1,1,1,0,0,0,1,1,0,0,1,0,1,1,0,0,0,0,1,1,1,0,1,1,1,1,0,1,1,1
"Bra015469",0,1,0,1,0,0,1,1,1,0,1,1,1,1,0,0,0,0,1,1,0,0,0,0,0,0,0,0,1,0,1,0,0,0,0,0,1,1,0,0,0,0,0,1,1,0,1,1,0,1,0,0,1,0,1,0,1,0,0,1,0,0,1,1,1,1,0,1,1,0,1,0,0,0,0,0,0,1,1,0,0,0,0,1,1,1,1,0,0,1,1,1,1,0,1,1,1,0,0,0,1,1,0,0,1,0,1,1,0,0,0,0,1,1,1,0,0,1,0,1,0,1,1,1
